{
  "name": "gaia-layout",
  "version": "0.1.5",
  "homepage": "https://github.com/gaia-components/gaia-layout",
  "authors": [
    "The Gaia Team"
  ],
  "license": "MIT",
  "ignore": [
    "**/.*",
    "node_modules",
    "bower_components"
  ],
  "_release": "0.1.5",
  "_resolution": {
    "type": "version",
    "tag": "v0.1.5",
    "commit": "f3d8bb32954100d084114371d50c1890703591be"
  },
  "_source": "git://github.com/gaia-components/gaia-layout.git",
  "_target": "~0.1.5",
  "_originalSource": "gaia-components/gaia-layout"
}